0,"https://seekvectors.com/"
1,"https://seekvectors.com/post/apple-music-vector-logo"
2,"https://seekvectors.com/post/snapchat-logo"
3,"https://seekvectors.com/post/google-maps-logo"
4,"https://seekvectors.com/post/walmart-logo"
5,"https://seekvectors.com/post/oracle-logo"
6,"https://seekvectors.com/post/colgate-logo"
7,"https://seekvectors.com/post/facebook-vector-logo"
8,"https://seekvectors.com/post/instagram-logo-vector"
9,"https://seekvectors.com/post/bugatti-logo"
10,"https://seekvectors.com/post/skype-logo"
11,"https://seekvectors.com/post/red-bull-logo"
12,"https://seekvectors.com/post/ebay-logo"
13,"https://seekvectors.com/post/youtube-vector-logo-png"
14,"https://seekvectors.com/post/paypal-logo"
15,"https://seekvectors.com/post/visa-logo"
16,"https://seekvectors.com/post/rolex-logo"
17,"https://seekvectors.com/post/vans-logo"
18,"https://seekvectors.com/post/skechers-logo"
19,"https://seekvectors.com/post/reebok-logo"
20,"https://seekvectors.com/post/ram-logo"
21,"https://seekvectors.com/post/samsung-logo"
22,"https://seekvectors.com/post/levis-logo"
23,"https://seekvectors.com/post/huawei-logo"
24,"https://seekvectors.com/post/honda-logo-png"
25,"https://seekvectors.com/post/louis-vuitton-logo"
26,"https://seekvectors.com/post/tommy-hilfiger-logo"
27,"https://seekvectors.com/post/suzuki-logo"
28,"https://seekvectors.com/post/dell-logo"
29,"https://seekvectors.com/post/nike-logo-png"
30,"https://seekvectors.com/post/hyundai-logo"
31,"https://seekvectors.com/post/ups-logo"
32,"https://seekvectors.com/post/subway-logo"
33,"https://seekvectors.com/post/prada-logo"
34,"https://seekvectors.com/post/national-geographic-logo"
35,"https://seekvectors.com/post/hilton-logo"
36,"https://seekvectors.com/post/linkedin-logo-png"
37,"https://seekvectors.com/post/marvel-logo"
38,"https://seekvectors.com/post/lego-logo"
39,"https://seekvectors.com/post/lg-logo"
40,"https://seekvectors.com/post/microsoft-logo-Meaning"
41,"https://seekvectors.com/post/best-buy-logo"
42,"https://seekvectors.com/post/cadillac-logo"
43,"https://seekvectors.com/post/caterpillar-logo"
44,"https://seekvectors.com/post/call-of-duty-logo"
45,"https://seekvectors.com/post/accenture-logo"
46,"https://seekvectors.com/post/balenciaga-logo"
47,"https://seekvectors.com/post/barbie-logo"
48,"https://seekvectors.com/post/dior-logo"
49,"https://seekvectors.com/post/dove-logo"
50,"https://seekvectors.com/post/fendi-logo"
51,"https://seekvectors.com/post/ford-logo-png"
52,"https://seekvectors.com/post/formula-1-logo"
53,"https://seekvectors.com/post/gap-logo"
54,"https://seekvectors.com/post/ikea-logo"
55,"https://seekvectors.com/post/itunes-logo"
56,"https://seekvectors.com/post/lacoste-logo"
57,"https://seekvectors.com/post/land-rover-logo"
58,"https://seekvectors.com/post/michael-kors-logo"
59,"https://seekvectors.com/post/the-north-face-logo"
60,"https://seekvectors.com/post/olive-garden-logo"
61,"https://seekvectors.com/post/oreo-logo"
62,"https://seekvectors.com/post/puma-logo"
63,"https://seekvectors.com/post/star-wars-logo"
64,"https://seekvectors.com/post/toblerone-logo"
65,"https://seekvectors.com/post/zara-logo"
66,"https://seekvectors.com/post/aston-martin-logo"
67,"https://seekvectors.com/post/jaguar-logo"
68,"https://seekvectors.com/post/kelloggs-logo"
69,"https://seekvectors.com/post/slack-logo-png"
70,"https://seekvectors.com/post/att-logo"
71,"https://seekvectors.com/post/verizon-logo"
72,"https://seekvectors.com/post/calvin-klein-logo"
73,"https://seekvectors.com/post/gucci-logo"
74,"https://seekvectors.com/post/polo-ralph-lauren-logo"
75,"https://seekvectors.com/post/cartier-logo"
76,"https://seekvectors.com/post/fila-logo"
77,"https://seekvectors.com/post/valentino-logo"
78,"https://seekvectors.com/post/target-logo"
79,"https://seekvectors.com/post/amazon-logo-png"
80,"https://seekvectors.com/post/batman-logo"
81,"https://seekvectors.com/post/superman-logo"
82,"https://seekvectors.com/post/playboy-logo"
83,"https://seekvectors.com/post/kodak-logo"
84,"https://seekvectors.com/post/mercedes-benz-logo"
85,"https://seekvectors.com/post/mini-cooper-logo"
86,"https://seekvectors.com/post/rivian-logo"
87,"https://seekvectors.com/post/saab-logo"
88,"https://seekvectors.com/post/subaru-logo"
89,"https://seekvectors.com/post/toyota-logo-png"
90,"https://seekvectors.com/post/budweiser-king-of-beers-logo"
91,"https://seekvectors.com/post/jordan-logo"
92,"https://seekvectors.com/post/tiktok-logo-png"
93,"https://seekvectors.com/post/amazon-arrow-svg"
94,"https://seekvectors.com/post/disney-logo-png"
95,"https://seekvectors.com/post/spotify-logo"
96,"https://seekvectors.com/post/google-logo-png"
97,"https://seekvectors.com/post/lamborghini-logo"
98,"https://seekvectors.com/post/bank-of-america"
99,"https://seekvectors.com/post/hermes-logo"
100,"https://seekvectors.com/post/ahrefs-logo"
101,"https://seekvectors.com/categories/logos"
102,"https://seekvectors.com/categories/financial-company-logo"
103,"https://seekvectors.com/categories/air-line-vector-logo"
104,"https://seekvectors.com/categories/insurance-company-logos"
105,"https://seekvectors.com/categories/car-companies-logos"
106,"https://seekvectors.com/categories/car-companies-logos"
107,"https://seekvectors.com/categories/food-brand-logo"
108,"https://seekvectors.com/categories/clothing-brands-companies-vector-logos"
109,"https://seekvectors.com/categories/countries-flag"
110,"https://seekvectors.com/categories/bicycle-brands-logos"
111,"https://seekvectors.com/categories/pharma-companies-logos"
112,"https://seekvectors.com/categories/shipping-logos"
113,"https://seekvectors.com/categories/google-media-logos"
114,"https://seekvectors.com/categories/graphic-design-software-logo"
115,"https://seekvectors.com/categories/social-media-apps-logos"
116,"https://seekvectors.com/categories/nestle-logo"
117,"https://seekvectors.com/categories/real-estate-logos"
118,"https://seekvectors.com/categories/travel-and-tourism-industry-logo"
119,"https://seekvectors.com/categories/saudia-gulf-companies-logo"
120,"https://seekvectors.com/categories/television-networking-logos"
121,"https://seekvectors.com/categories/transport-company"
122,"https://seekvectors.com/categories/total-logos"
123,"https://seekvectors.com/categories/wrist-watches-brands-logos"
124,"https://seekvectors.com/categories/shoes-brands-logo"
125,"https://seekvectors.com/categories/electronics-brands-logo"
126,"https://seekvectors.com/categories/toy-company"
127,"https://seekvectors.com/categories/certification-marks-logos"
128,"https://seekvectors.com/categories/education-logos"
129,"https://seekvectors.com/categories/telecommunications-logo"
130,"https://seekvectors.com/categories/software-logo"
131,"https://seekvectors.com/categories/media-logo"
132,"https://seekvectors.com/categories/hotels-logo"
133,"https://seekvectors.com/categories/shopping-logos"
134,"https://seekvectors.com/categories/advertising-logo"
135,"https://seekvectors.com/categories/government-logo"
136,"https://seekvectors.com/categories/it-internet-companies-logos"
137,"https://seekvectors.com/categories/healthcare-companies-logos"
138,"https://seekvectors.com/categories/entertainment-companies-logos"
139,"https://seekvectors.com/categories/industry-logos"
140,"https://seekvectors.com/categories/technology-companies-logos"
141,"https://seekvectors.com/categories/sport-company-logo"
142,"https://seekvectors.com/categories/live-streaming-app"
143,"https://seekvectors.com/categories/hosting-company"
144,"https://seekvectors.com/categories/business-magazine"
145,"https://seekvectors.com/categories/web-portal"
146,"https://seekvectors.com/categories/production-company"
147,"https://seekvectors.com/categories/social-news"
148,"https://seekvectors.com/categories/electronic-devices"
149,"https://seekvectors.com/categories/search-engine"
150,"https://seekvectors.com/categories/university-logo"
151,"https://seekvectors.com/categories/finance-and-banking-logos"
152,"https://seekvectors.com/categories/colleges"
153,"https://seekvectors.com/categories/government-logo-png"
154,"https://seekvectors.com/categories/cryptocurrency-logos"
155,"https://seekvectors.com/categories/automotive-transportation-companies-logo"
156,"https://seekvectors.com/categories/automotive-transportation-companies-logo"
157,"https://seekvectors.com/categories/automotive-transportation-companies-logo"
158,"https://seekvectors.com/categories/tech-companies-logo"
159,"https://seekvectors.com/categories/furniture-companies"
160,"https://seekvectors.com/categories/design-resources"
